dest_ip,dest_port
111.68.31.134,40385
39.101.65.228,8080
103.25.79.162,32650
103.175.46.9,3125
187.102.16.66,51327
83.143.24.66,80
203.174.26.137,4153
213.249.123.18,1080
45.128.133.1,1080
172.99.187.33,4145
76.81.6.107,31008
103.131.18.58,3125
101.255.167.174,8080
203.150.128.207,8080
117.102.101.52,5678
46.105.105.223,43278
72.10.160.90,19101
178.33.162.89,59490
203.170.146.146,4153
36.94.232.177,999
203.112.223.126,8080
91.200.115.49,1080
171.244.10.204,42018
84.52.123.163,4145
186.219.215.147,4153
102.164.252.150,8080
187.188.169.169,8080
45.128.133.145,1080
98.103.88.158,46104
45.116.230.79,4673
113.160.154.7,4153
64.124.191.98,32688
109.197.55.234,1080
46.36.70.104,1080
8.219.97.248,80
179.1.110.88,5678
74.56.228.180,4145
45.128.133.205,1080
103.18.47.79,4145
77.238.79.111,8080
50.250.205.21,32100
201.184.239.75,5678
117.74.65.207,5441
8.42.68.121,39593
64.64.152.248,39593
119.10.177.107,1080
45.128.133.241,1080
185.209.220.255,1080
103.166.32.130,11080
190.109.72.17,33633
108.175.23.225,13135
110.77.149.50,5678
8.130.39.117,8080
201.77.97.96,999
103.164.221.34,8080
37.44.238.2,63617
111.68.127.170,4153
185.170.233.103,47574
47.176.213.210,39593
14.232.166.150,5678
103.158.253.32,5678
103.170.22.52,8089
95.31.42.199,3629
74.82.50.155,3128
190.104.8.142,14888
46.36.65.117,1080
88.255.40.194,65484
109.248.236.150,9898
186.194.234.18,4153
146.56.150.146,32241
125.228.143.207,4145
170.106.151.187,39876
37.18.73.60,5566
185.86.5.162,8975
83.220.46.106,4145
122.154.71.65,1080
116.118.98.21,5678
116.118.98.26,5678
183.88.247.52,4153
103.102.141.40,4145
8.213.129.20,20201
195.66.156.196,1080
201.148.125.126,4153
103.36.10.223,8080
202.123.183.66,5678
213.14.32.66,9090
103.224.48.41,31433
45.115.1.14,5678
124.158.149.66,4153
94.23.83.149,4153
185.151.86.121,3699
50.238.47.86,32100
87.117.11.57,1080
187.95.34.36,4145
103.178.42.23,8181
202.40.181.220,31247
95.43.244.15,4153
166.62.88.163,39426
31.131.135.247,8080
103.146.170.193,82
45.231.223.250,999
95.156.83.139,1080
45.128.133.169,1080
103.174.238.97,1080
92.255.190.64,4153
80.65.80.230,5678
177.85.65.177,4153
109.232.106.150,52435
103.210.29.201,31433
113.161.145.229,4153
202.51.103.154,5678
45.128.133.209,1080
194.44.166.65,1080
8.213.137.155,8080
103.75.52.193,8989
1.179.148.33,1080
103.121.214.50,4145
93.184.7.26,1080
36.94.30.238,8080
45.40.136.39,25302
103.146.185.34,1081
8.130.34.237,1234
201.150.119.170,999
31.211.142.115,8192
8.213.128.90,8080
103.166.39.81,3629
202.6.233.59,7878
103.97.94.22,4153
38.65.172.4,999
203.177.133.235,8080
64.49.67.164,5678
203.174.26.129,4153
45.128.133.199,1080
197.232.47.122,5678
103.37.82.134,39873
195.219.98.27,5678
190.104.219.147,4153
222.165.234.242,41541
51.75.126.150,21224
36.95.245.81,5678
183.88.219.206,41564
185.87.121.5,8975
51.158.105.157,16379
45.187.76.2,3629
182.53.216.73,4145
67.43.228.250,14395
200.214.154.135,4145
213.19.205.18,54321
185.172.212.233,8080
203.210.235.91,5678
67.210.146.50,5678
187.19.127.246,8011
103.88.229.59,8080
195.46.172.190,4153
199.48.129.114,3120
201.150.119.171,999
178.220.148.82,10801
45.249.78.177,5678
185.32.4.102,4153
103.156.74.154,1111
165.140.185.10,39593
170.81.108.47,4153
184.95.220.42,1080
103.88.169.106,33149
188.166.217.4,20278
195.175.22.194,5678
72.10.160.170,10919
104.129.194.43,10336
37.194.232.54,1080
139.59.234.208,50929
177.128.44.129,31337
181.115.207.114,1080
103.229.83.106,6789
36.95.189.165,5678
45.128.135.1,1080
103.146.170.244,5678
195.138.65.34,5678
103.102.142.98,4145
79.106.170.126,4145
124.158.153.218,8180
69.36.63.128,1080
8.213.129.15,8080
175.139.200.17,4153
161.49.176.173,1337
173.249.28.218,14166
183.80.130.9,4145
8.130.36.245,8080
84.2.239.42,4153
213.156.124.3,33333
45.249.101.97,56457
202.84.76.190,5678
8.42.68.125,39593
138.204.20.160,8080
45.65.233.227,4145
209.97.169.41,50103
103.105.41.209,4145
190.53.46.11,45535
180.178.103.70,8080
43.243.174.26,82
50.235.117.234,39593
12.158.87.26,39593
190.57.131.158,1080
187.63.9.62,63253
213.19.205.198,1080
203.150.128.101,8080
109.69.0.179,5678
46.98.185.160,5678
104.129.194.44,10336
181.143.59.140,4153
